FirstName,LastName,Address,PhoneNumber
Jimmy,Smith,102 Long Lane,29384857
Clive,Owen,65 Ambling Way,31214788
James,Brown,82 Stewart St,32114566
Graham,Howe,12 Howard St,8766556
John,Howe,78 Short Lane,29384857
Clive,Smith,49 Sutherland St,31214788
James,Owen,8 Crimson Rd,32114566
Graham,Brown,94 Roland St,8766556Bhuvan,Bhargava,103-52*1 at my street,4521478Ahmad,Hajja,25.3 Hajja Street ,8523691Natli,Simons,Not sure where i live,8965241Ahmad,Simons,25.3 why do you care Street ,8523691Bhuvan,Simons,25.3 some street in Some city ,8523691
